holiday_name,rule_type,day,month,offset_days,is_day_off,valid_from,valid_to,basis_type,basis_number,basis_date,basis_url
Новий рік,Фіксована дата,1,1,,1,1972-06-01,,Закон,322-VIII,1971-12-10,https://zakon.rada.gov.ua/laws/show/322-08
Міжнародний жіночий день,Фіксована дата,8,3,,1,1972-06-01,,Закон,322-VIII,1971-12-10,https://zakon.rada.gov.ua/laws/show/322-08
День праці,Фіксована дата,1,5,,1,2017-12-02,,Закон,2211-VIII,2017-11-16,https://zakon.rada.gov.ua/laws/show/2211-19
День пам'яті та перемоги над нацизмом у Другій світовій війні 1939-1945 років,Фіксована дата,8,5,,1,2023-06-15,,Закон,3107-IX,2023-05-29,https://zakon.rada.gov.ua/laws/show/3107-20
День Конституції України,Фіксована дата,28,6,,1,1996-07-23,,Закон,256/96-ВР,1996-06-28,https://zakon.rada.gov.ua/laws/show/256/96-%D0%B2%D1%80
День Української Державності,Фіксована дата,15,7,,1,2023-07-30,,Закон,3258-IX,2023-07-14,https://zakon.rada.gov.ua/laws/show/3258-20
День незалежності України,Фіксована дата,24,8,,1,1992-07-01,,Закон,2417-XII,1992-06-05,https://zakon.rada.gov.ua/laws/show/2417-12
День захисників і захисниць України,Фіксована дата,1,10,,1,2023-07-30,,Закон,3258-IX,2023-07-14,https://zakon.rada.gov.ua/laws/show/3258-20
Різдво Христове,Фіксована дата,25,12,,1,2017-12-02,,Закон,2211-VIII,2017-11-16,https://zakon.rada.gov.ua/laws/show/2211-19
Пасха (Великдень),Великдень,,,0,1,1991-05-11,,Закон,871-XII,1991-03-20,https://zakon.rada.gov.ua/laws/show/871-12
Трійця,Трійця,,,0,1,1991-05-11,,Закон,871-XII,1991-03-20,https://zakon.rada.gov.ua/laws/show/871-12
